window_id,i,j,cooc_count,count_i,count_j,norm_score,npmi,i_partition,j_partition,edge_partition
0,102,111,1,4,1,0.5,0.22629438,2,3,2
2,110,111,1,1,2,0.70710677,0.5,2,3,2
1,110,111,1,3,1,0.57735026,0.3868528,2,3,2
2,106,110,1,1,1,1.0,1.0,2,2,2
2,106,111,1,1,2,0.70710677,0.5,2,3,2
3,106,111,1,2,1,0.70710677,0.36907023,2,3,2
3,102,106,1,1,2,0.70710677,0.36907023,2,2,2
3,102,111,1,1,1,1.0,1.0,2,3,2
1,106,111,1,3,1,0.57735026,0.3868528,2,3,2
1,106,110,2,3,3,0.6666667,0.2618595,2,2,2
